Age,Attrition,BusinessTravel,JobSatisfaction,MonthlyIncome,WorkLifeBalance,YearsAtCompany,YearsInCurrentRole
41,1,Travel_Rarely,4,5993,1,6,4
49,0,Travel_Frequently,2,5130,3,10,7
37,1,Travel_Rarely,3,2090,3,0,0
33,0,Travel_Frequently,3,2909,3,8,7
27,0,Travel_Rarely,2,3468,3,2,2
32,0,Travel_Frequently,4,3068,2,7,7
59,0,Travel_Rarely,1,2670,2,1,0
30,0,Travel_Rarely,3,2693,3,1,0
38,0,Travel_Frequently,3,9526,3,9,7
36,0,Travel_Rarely,3,5237,2,7,7
35,0,Travel_Rarely,2,2426,3,5,4
29,0,Travel_Rarely,3,4193,3,9,5
31,0,Travel_Rarely,3,2911,2,5,2
34,0,Travel_Rarely,4,2661,3,2,2
28,1,Travel_Rarely,3,2028,3,4,2
29,0,Travel_Rarely,1,9980,3,10,9
32,0,Travel_Rarely,2,3298,2,6,2
22,0,Non-Travel,4,2935,2,1,0
53,0,Travel_Rarely,4,15427,3,25,8
38,0,Travel_Rarely,4,3944,3,3,2
24,0,Non-Travel,3,4011,2,4,2
36,1,Travel_Rarely,1,3407,3,5,3
34,0,Travel_Rarely,2,11994,3,12,6
21,0,Travel_Rarely,4,1232,3,0,0
34,1,Travel_Rarely,1,2960,3,4,2
53,0,Travel_Rarely,3,19094,2,14,13
32,1,Travel_Frequently,1,3919,3,10,2
42,0,Travel_Rarely,2,6825,3,9,7
44,0,Travel_Rarely,4,10248,3,22,6
46,0,Travel_Rarely,1,18947,2,2,2
33,0,Travel_Rarely,4,2496,3,1,1
44,0,Travel_Rarely,4,6465,4,4,2
30,0,Travel_Rarely,3,2206,3,10,0
39,1,Travel_Rarely,4,2086,4,1,0
24,1,Travel_Rarely,4,2293,2,2,0
43,0,Travel_Rarely,3,2645,2,5,3
50,1,Travel_Rarely,3,2683,3,3,2
35,0,Travel_Rarely,4,2014,3,2,2
36,0,Travel_Rarely,1,3419,4,1,1
33,0,Travel_Frequently,1,5376,3,5,3
35,0,Travel_Rarely,4,1951,3,1,0
27,0,Travel_Rarely,1,2341,3,1,0
26,1,Travel_Rarely,3,2293,2,1,0
27,0,Travel_Frequently,3,8726,3,9,8
30,0,Travel_Frequently,4,4011,3,12,8
41,1,Travel_Rarely,3,19545,3,22,15
34,0,Non-Travel,3,4568,3,9,5
37,0,Travel_Rarely,2,3022,3,1,0
46,0,Travel_Frequently,4,5772,3,9,6
35,0,Travel_Rarely,4,2269,3,1,0
48,1,Travel_Rarely,3,5381,3,1,0
28,1,Travel_Rarely,3,3441,2,2,2
44,0,Travel_Rarely,1,5454,2,4,3
35,0,Non-Travel,1,9884,3,4,0
26,0,Travel_Rarely,4,4157,2,2,2
33,0,Travel_Frequently,4,13458,3,15,14
35,0,Travel_Frequently,1,9069,2,9,8
35,0,Travel_Rarely,1,4014,3,2,2
31,0,Travel_Rarely,4,5915,2,7,7
37,0,Travel_Rarely,3,5993,4,7,5
32,0,Travel_Rarely,4,6162,3,9,8
38,0,Travel_Frequently,4,2406,3,10,3
50,0,Travel_Rarely,3,18740,2,27,3
59,0,Travel_Rarely,1,7637,2,21,16
36,0,Travel_Rarely,3,10096,3,17,14
55,0,Travel_Rarely,3,14756,3,5,0
36,0,Travel_Frequently,2,6499,3,6,5
45,0,Travel_Rarely,1,9724,3,1,0
35,0,Travel_Frequently,1,2194,2,3,2
36,1,Travel_Rarely,3,3388,2,1,0
59,0,Travel_Frequently,3,5473,2,4,3
29,0,Travel_Rarely,2,2703,3,5,4
31,0,Travel_Rarely,2,2501,3,1,1
32,0,Travel_Rarely,2,6220,3,10,4
36,0,Travel_Rarely,4,3038,3,1,0
31,0,Travel_Rarely,4,4424,3,11,7
35,0,Travel_Rarely,1,4312,3,15,13
45,0,Travel_Rarely,1,13245,4,0,0
37,0,Travel_Rarely,3,13664,4,5,2
46,0,Travel_Rarely,2,5021,3,4,2
30,0,Travel_Rarely,4,5126,2,10,8
35,0,Travel_Rarely,3,2859,3,6,4
55,0,Travel_Rarely,4,10239,3,1,0
38,0,Non-Travel,4,5329,3,13,11
34,0,Travel_Rarely,2,4325,3,5,2
56,0,Travel_Rarely,4,7260,2,6,4
23,0,Travel_Rarely,1,2322,3,0,0
51,0,Travel_Rarely,4,2075,3,4,2
30,0,Travel_Rarely,4,4152,3,11,10
46,1,Travel_Rarely,4,9619,3,9,8
40,0,Travel_Frequently,2,13503,2,22,3
51,0,Travel_Rarely,4,5441,1,10,7
30,0,Travel_Rarely,2,5209,2,11,8
46,0,Travel_Frequently,1,10673,2,10,9
32,0,Travel_Rarely,3,5010,3,11,8
54,0,Travel_Rarely,3,13549,1,4,3
24,0,Travel_Rarely,3,4999,2,3,2
28,0,Non-Travel,3,4221,4,5,4
58,0,Travel_Rarely,3,13872,2,37,10
44,0,Non-Travel,2,2042,4,3,2
37,1,Travel_Rarely,1,2073,3,3,2
32,0,Travel_Rarely,1,2956,3,1,0
20,1,Travel_Frequently,4,2926,3,1,0
34,0,Travel_Rarely,3,4809,3,16,13
37,0,Non-Travel,4,5163,4,1,0
59,0,Non-Travel,4,18844,3,3,2
50,0,Travel_Frequently,2,18172,2,8,3
25,1,Travel_Rarely,3,5744,3,6,4
25,0,Travel_Rarely,4,2889,3,2,2
22,0,Travel_Rarely,4,2871,3,0,0
51,0,Travel_Frequently,1,7484,2,13,12
34,1,Travel_Frequently,3,6074,3,9,7
54,0,Non-Travel,4,17328,3,5,3
24,0,Travel_Rarely,3,2774,3,5,3
34,0,Travel_Rarely,2,4505,3,1,0
37,0,Travel_Rarely,4,7428,3,5,3
34,0,Travel_Rarely,1,11631,3,11,10
36,0,Travel_Frequently,4,9738,3,9,7
36,0,Travel_Rarely,4,2835,3,1,0
43,0,Travel_Frequently,4,16959,4,25,12
30,0,Travel_Frequently,3,2613,2,10,7
33,0,Non-Travel,2,6146,4,7,7
56,1,Travel_Rarely,2,4963,3,5,4
51,0,Travel_Rarely,3,19537,3,20,18
31,1,Travel_Rarely,3,6172,2,7,7
26,0,Travel_Rarely,2,2368,2,5,4
58,1,Travel_Rarely,4,10312,2,40,10
19,1,Travel_Rarely,3,1675,2,0,0
22,0,Travel_Rarely,4,2523,3,2,1
49,0,Travel_Rarely,1,6567,2,15,11
43,0,Travel_Frequently,3,4739,3,3,2
50,0,Travel_Frequently,4,9208,3,2,2
31,1,Travel_Rarely,3,4559,3,2,2
41,0,Travel_Rarely,3,8189,3,9,7
26,0,Travel_Rarely,3,2942,3,8,7
36,0,Travel_Rarely,2,4941,3,3,2
51,1,Travel_Frequently,4,10650,3,4,2
39,0,Travel_Rarely,3,5902,4,15,11
25,0,Travel_Rarely,3,8639,3,2,2
30,0,Travel_Rarely,4,6347,1,11,9
32,1,Travel_Rarely,1,4200,4,5,4
45,0,Travel_Rarely,4,3452,2,6,5
38,0,Travel_Rarely,3,4317,3,3,2
30,0,Travel_Rarely,3,2632,2,5,4
32,0,Travel_Frequently,4,4668,4,8,7
30,0,Travel_Rarely,1,3204,3,3,2
30,0,Travel_Rarely,4,2720,3,5,3
41,0,Travel_Frequently,1,17181,2,7,6
41,0,Travel_Rarely,1,2238,3,5,0
19,0,Travel_Rarely,2,1483,3,1,0
40,0,Travel_Frequently,2,5605,3,20,7
35,0,Travel_Rarely,2,7295,3,10,8
53,0,Travel_Rarely,3,2306,1,7,7
45,0,Travel_Rarely,2,2348,1,17,9
32,0,Travel_Frequently,4,8998,3,9,8
29,0,Non-Travel,3,4319,3,10,7
51,0,Travel_Rarely,3,6132,3,1,0
58,0,Travel_Rarely,2,3346,2,1,0
40,0,Travel_Rarely,4,10855,2,12,11
34,0,Travel_Frequently,3,2231,3,4,3
22,0,Travel_Rarely,4,2323,3,2,2
27,0,Non-Travel,2,2024,1,2,2
28,0,Travel_Rarely,4,2713,1,5,2
57,0,Travel_Rarely,4,9439,1,5,3
27,0,Non-Travel,3,2566,2,1,1
50,0,Travel_Rarely,2,19926,3,5,4
41,0,Travel_Rarely,3,2451,3,9,8
30,0,Travel_Rarely,4,9419,3,10,9
38,0,Travel_Rarely,4,8686,4,8,3
32,0,Travel_Rarely,3,3038,3,5,4
27,0,Travel_Rarely,2,3058,2,5,2
19,1,Travel_Frequently,1,2325,4,0,0
36,0,Travel_Frequently,2,2088,2,8,7
30,0,Non-Travel,1,3072,3,12,9
45,0,Travel_Rarely,1,5006,4,5,4
56,0,Travel_Rarely,1,4257,3,2,2
33,0,Travel_Rarely,4,2500,4,3,1
19,1,Travel_Rarely,4,1102,2,1,0
46,0,Travel_Rarely,1,10453,3,24,13
38,0,Travel_Rarely,4,2288,3,2,2
31,0,Travel_Rarely,4,3929,3,4,2
34,0,Travel_Rarely,2,2311,3,3,2
41,1,Travel_Rarely,2,3140,2,4,3
50,0,Travel_Rarely,3,3690,2,3,2
53,0,Travel_Rarely,1,4450,3,4,2
33,0,Travel_Rarely,2,2756,3,8,7
40,0,Travel_Rarely,3,19033,3,20,8
55,0,Travel_Rarely,2,18722,3,24,15
34,0,Travel_Frequently,3,9547,2,10,9
51,0,Travel_Rarely,2,13734,3,7,7
52,0,Travel_Rarely,3,19999,3,33,18
27,0,Travel_Rarely,2,2279,2,7,7
35,1,Travel_Rarely,3,5916,3,1,0
43,0,Non-Travel,4,2089,4,5,4
45,0,Non-Travel,4,16792,3,20,8
37,0,Travel_Rarely,1,3564,2,8,7
35,0,Travel_Frequently,2,4425,3,6,2
42,0,Non-Travel,3,5265,3,5,3
38,0,Travel_Rarely,3,6553,3,1,0
38,0,Travel_Rarely,4,6261,1,7,7
27,0,Travel_Frequently,1,4298,3,2,2
49,0,Non-Travel,4,6804,3,7,7
34,0,Travel_Frequently,3,3815,4,5,3
40,0,Travel_Rarely,4,2741,4,7,2
38,1,Travel_Rarely,1,6673,3,1,0
29,1,Travel_Rarely,4,7639,2,10,4
22,0,Travel_Rarely,2,2328,2,4,2
36,0,Travel_Frequently,4,2153,3,8,1
40,0,Non-Travel,4,4876,1,3,2
46,0,Travel_Rarely,1,9396,3,4,2
32,1,Travel_Rarely,4,10400,2,14,8
30,0,Non-Travel,3,8474,3,11,8
27,0,Travel_Frequently,3,9981,3,7,7
51,0,Travel_Rarely,2,12490,1,10,9
30,1,Travel_Rarely,1,2657,3,5,2
41,0,Travel_Rarely,4,13591,3,1,0
30,1,Travel_Frequently,1,6696,2,6,3
29,1,Travel_Rarely,3,2058,2,6,2
45,0,Non-Travel,4,8865,3,19,7
54,0,Travel_Rarely,1,5940,3,6,2
36,0,Travel_Rarely,2,5914,4,13,11
33,0,Travel_Rarely,2,2622,3,3,2
37,0,Travel_Frequently,4,12185,3,10,8
38,0,Travel_Rarely,3,10609,2,16,10
31,0,Non-Travel,3,4345,3,5,4
59,0,Travel_Rarely,4,2177,3,1,0
37,0,Travel_Frequently,4,2793,3,9,8
29,0,Travel_Frequently,4,7918,3,11,10
35,0,Travel_Frequently,3,8789,4,10,7
29,1,Travel_Rarely,4,2389,2,4,3
52,0,Travel_Rarely,4,3212,2,2,2
42,0,Travel_Rarely,4,19232,3,22,17
59,0,Travel_Rarely,3,2267,2,2,2
50,0,Travel_Rarely,4,19517,2,7,0
33,1,Travel_Rarely,4,2436,1,5,4
43,0,Travel_Rarely,4,16064,3,17,13
33,1,Travel_Rarely,1,2707,4,9,7
52,0,Non-Travel,3,19068,4,33,7
32,0,Travel_Rarely,2,3931,3,4,3
32,1,Travel_Rarely,3,3730,1,3,2
39,0,Travel_Rarely,3,2232,3,3,2
32,0,Non-Travel,4,4465,3,3,2
41,0,Travel_Rarely,1,3072,2,1,0
40,0,Travel_Rarely,4,3319,3,9,8
45,0,Travel_Rarely,4,19202,3,24,0
31,0,Travel_Frequently,3,13675,3,2,2
33,0,Travel_Rarely,4,2911,2,2,2
34,0,Travel_Rarely,1,5957,3,11,9
37,0,Travel_Rarely,1,3920,2,3,1
45,0,Travel_Frequently,3,6434,3,3,2
37,1,Travel_Frequently,3,10048,3,1,0
39,0,Travel_Frequently,3,10938,3,19,6
29,0,Travel_Rarely,4,2340,3,6,5
42,0,Travel_Rarely,1,6545,3,3,2
29,0,Travel_Rarely,4,6931,3,3,2
25,0,Travel_Rarely,3,4898,3,4,2
42,0,Travel_Rarely,1,2593,3,9,6
40,0,Travel_Rarely,3,19436,3,21,7
51,0,Travel_Rarely,4,2723,2,1,0
31,1,Travel_Frequently,2,3479,4,5,4
32,0,Travel_Frequently,2,2794,1,5,1
38,0,Non-Travel,4,5249,3,8,7
32,0,Travel_Rarely,1,2176,3,6,2
46,0,Travel_Rarely,2,16872,2,7,7
28,1,Travel_Rarely,3,3485,1,0,0
29,0,Travel_Rarely,2,6644,3,0,0
31,0,Travel_Rarely,4,5582,3,9,0
25,0,Non-Travel,1,4000,3,6,3
45,0,Travel_Rarely,4,13496,3,20,7
36,0,Travel_Rarely,4,3210,3,15,13
55,0,Travel_Rarely,1,19045,3,36,10
47,1,Non-Travel,2,11849,2,10,7
28,0,Travel_Rarely,4,2070,2,5,2
37,0,Travel_Rarely,4,6502,4,5,4
21,0,Travel_Rarely,3,3230,4,3,2
37,0,Non-Travel,4,13603,3,5,2
35,0,Travel_Rarely,2,11996,2,7,7
38,0,Travel_Rarely,1,5605,3,8,0
26,0,Travel_Frequently,2,6397,1,6,5
50,0,Travel_Rarely,2,19144,2,10,4
53,0,Travel_Rarely,3,17584,2,5,3
42,0,Travel_Rarely,3,4907,3,20,16
29,0,Travel_Frequently,4,4554,2,10,7
55,0,Travel_Rarely,4,5415,3,10,7
26,0,Travel_Frequently,1,4741,3,5,3
37,0,Travel_Rarely,4,2115,3,17,12
44,1,Travel_Frequently,3,3161,1,1,0
38,0,Travel_Rarely,4,5745,3,2,2
26,1,Travel_Rarely,2,2373,3,3,2
28,0,Travel_Rarely,4,3310,3,5,3
49,0,Travel_Frequently,1,18665,3,3,2
36,0,Travel_Rarely,2,4485,3,8,0
31,0,Travel_Frequently,2,2789,2,2,2
26,1,Travel_Rarely,4,5828,3,8,7
37,0,Travel_Frequently,4,2326,2,4,2
42,0,Travel_Frequently,2,13525,4,20,4
18,1,Travel_Rarely,3,1420,3,0,0
35,0,Travel_Rarely,2,8020,2,11,9
36,0,Travel_Frequently,4,3688,3,1,0
51,0,Travel_Rarely,2,5482,3,4,1
41,0,Travel_Rarely,2,16015,3,22,10
18,0,Travel_Rarely,3,1200,3,0,0
28,0,Travel_Rarely,1,5661,3,8,3
31,0,Travel_Rarely,4,6929,2,8,7
39,0,Travel_Rarely,4,9613,2,18,10
36,0,Non-Travel,2,5674,3,9,8
32,0,Travel_Rarely,3,5484,2,13,8
38,0,Travel_Rarely,2,12061,3,10,8
58,0,Non-Travel,3,5660,3,5,3
31,0,Travel_Rarely,4,4821,3,5,2
31,0,Travel_Rarely,1,6410,3,2,2
45,0,Travel_Frequently,1,5210,3,24,9
31,0,Travel_Rarely,4,2695,1,2,2
33,0,Travel_Frequently,2,11878,3,10,6
39,0,Travel_Rarely,1,17068,3,21,9
43,0,Travel_Frequently,4,2455,3,8,7
49,0,Travel_Rarely,3,13964,3,7,1
52,1,Travel_Rarely,2,4941,2,8,2
27,0,Travel_Rarely,2,2478,2,4,3
32,0,Travel_Rarely,2,5228,3,13,12
27,0,Travel_Rarely,3,4478,3,5,4
31,0,Travel_Rarely,4,7547,3,7,7
32,0,Travel_Rarely,4,5055,2,7,7
28,1,Travel_Rarely,4,3464,2,3,2
30,0,Travel_Rarely,4,5775,3,10,8
31,0,Travel_Frequently,3,8943,3,10,9
39,0,Travel_Frequently,4,19272,3,21,9
39,1,Travel_Rarely,3,5238,2,1,0
33,0,Travel_Frequently,4,4682,2,7,7
47,0,Travel_Rarely,3,18300,3,3,2
43,0,Travel_Frequently,3,5257,4,9,7
27,0,Non-Travel,2,6349,3,5,4
54,0,Travel_Frequently,3,4869,2,4,3
43,0,Travel_Rarely,1,9985,2,1,0
45,0,Travel_Rarely,4,3697,3,10,9
40,0,Travel_Rarely,4,7457,2,4,3
29,1,Travel_Rarely,1,2119,2,7,7
29,0,Travel_Rarely,4,3983,3,3,2
30,0,Travel_Rarely,3,6118,3,10,9
27,0,Travel_Rarely,2,6214,3,8,7
37,0,Travel_Rarely,4,6347,2,6,2
38,0,Travel_Rarely,4,11510,3,11,10
31,0,Travel_Rarely,4,7143,2,11,9
29,0,Travel_Rarely,2,8268,3,7,7
35,0,Travel_Rarely,2,8095,3,16,6
23,0,Travel_Rarely,4,2904,2,4,2
41,0,Travel_Rarely,2,6032,3,5,4
47,0,Travel_Frequently,3,2976,3,0,0
42,0,Travel_Rarely,4,15992,3,1,0
29,0,Non-Travel,3,4649,2,4,3
42,0,Travel_Rarely,3,2696,3,3,2
32,0,Travel_Rarely,2,2370,3,8,0
48,0,Travel_Rarely,3,12504,1,0,0
37,0,Travel_Rarely,1,5974,3,7,7
30,0,Non-Travel,3,4736,4,2,2
26,0,Travel_Rarely,3,5296,3,8,7
42,0,Travel_Rarely,4,6781,3,1,0
21,1,Travel_Frequently,2,2174,3,3,2
36,0,Non-Travel,4,6653,3,1,0
36,0,Travel_Frequently,4,9699,3,13,9
57,0,Travel_Rarely,3,6755,3,3,2
40,0,Travel_Rarely,3,2213,3,7,7
21,0,Non-Travel,4,2610,2,3,2
33,1,Travel_Rarely,3,2851,3,1,0
37,0,Travel_Rarely,1,3452,3,5,4
46,0,Non-Travel,3,5258,4,1,0
41,1,Travel_Frequently,2,9355,3,8,7
50,0,Travel_Rarely,4,10496,3,4,3
40,1,Travel_Rarely,3,6380,3,6,4
31,0,Travel_Rarely,2,2657,3,2,2
21,1,Travel_Rarely,2,2716,3,1,0
29,0,Travel_Rarely,4,2201,3,3,2
35,0,Travel_Rarely,2,6540,3,1,1
27,0,Travel_Rarely,2,3816,3,5,2
28,0,Travel_Rarely,4,5253,3,7,5
49,0,Travel_Rarely,3,10965,3,5,2
51,0,Travel_Rarely,4,4936,2,7,7
36,0,Travel_Rarely,3,2543,3,2,2
34,1,Non-Travel,4,5304,2,5,2
55,0,Travel_Rarely,4,16659,3,5,4
24,0,Travel_Rarely,3,4260,4,5,2
30,0,Travel_Rarely,2,2476,3,1,0
26,1,Travel_Frequently,1,3102,3,6,4
22,0,Travel_Rarely,2,2244,3,2,1
36,0,Travel_Rarely,3,7596,3,10,9
30,1,Travel_Frequently,4,2285,3,1,0
37,0,Travel_Rarely,1,3034,2,18,7
40,0,Travel_Rarely,2,5715,3,5,4
42,0,Travel_Rarely,1,2576,3,5,2
37,0,Travel_Rarely,2,4197,2,1,0
43,0,Travel_Rarely,2,14336,3,25,10
40,0,Travel_Rarely,3,3448,3,1,0
54,0,Travel_Rarely,1,19406,2,4,2
34,0,Non-Travel,3,6538,3,3,2
31,0,Travel_Rarely,1,4306,1,13,10
43,0,Travel_Frequently,4,2258,3,3,2
43,0,Travel_Rarely,3,4522,3,5,2
25,0,Travel_Rarely,4,4487,3,5,4
37,0,Non-Travel,3,4449,3,13,11
31,0,Travel_Rarely,1,2218,3,4,2
39,0,Travel_Frequently,3,19197,3,21,8
56,0,Travel_Frequently,1,13212,2,7,7
30,0,Travel_Rarely,3,6577,3,5,4
41,0,Travel_Rarely,1,8392,3,10,7
28,0,Travel_Rarely,1,4558,3,10,0
25,1,Travel_Rarely,1,4031,3,2,2
52,0,Travel_Rarely,3,7969,3,5,4
45,0,Travel_Rarely,4,2654,2,2,2
52,0,Travel_Rarely,4,16555,1,5,2
42,0,Travel_Frequently,3,4556,3,5,4
30,0,Travel_Rarely,4,6091,3,5,4
60,0,Travel_Rarely,1,19566,1,29,8
46,0,Travel_Rarely,3,4810,2,10,7
42,0,Travel_Frequently,4,4523,4,6,5
24,1,Travel_Rarely,2,3202,3,5,3
34,1,Travel_Frequently,3,2351,2,2,2
38,0,Travel_Frequently,4,1702,3,1,0
40,0,Travel_Rarely,3,18041,3,20,15
26,0,Travel_Rarely,4,2886,1,3,2
30,0,Non-Travel,4,2097,1,5,3
29,0,Travel_Rarely,3,11935,3,10,2
29,1,Travel_Rarely,2,2546,4,2,2
19,1,Travel_Rarely,4,2564,4,1,0
30,0,Non-Travel,1,8412,3,9,8
57,0,Travel_Rarely,4,14118,2,1,0
50,0,Travel_Rarely,3,17046,3,27,10
30,0,Non-Travel,4,2564,2,11,7
60,0,Travel_Frequently,1,10266,4,18,13
47,0,Travel_Rarely,4,5070,3,5,0
46,0,Travel_Rarely,3,17861,1,3,2
35,0,Travel_Rarely,3,4230,3,5,4
54,0,Travel_Rarely,3,3780,3,1,0
34,0,Travel_Rarely,3,2768,3,7,3
46,0,Travel_Rarely,4,9071,3,3,2
31,0,Travel_Rarely,2,10648,4,13,8
33,1,Travel_Rarely,3,13610,4,7,6
33,1,Travel_Rarely,4,3408,3,4,3
30,0,Travel_Rarely,2,2983,3,3,2
35,0,Travel_Rarely,3,7632,3,8,7
31,1,Travel_Frequently,3,9824,3,1,0
34,1,Travel_Frequently,1,9950,3,3,2
42,0,Travel_Frequently,3,2093,3,2,2
36,0,Non-Travel,4,9980,2,10,3
22,1,Travel_Frequently,3,3894,3,2,2
48,0,Travel_Rarely,4,4051,3,9,7
55,0,Travel_Rarely,2,16835,3,10,9
41,0,Non-Travel,4,6230,3,14,3
35,0,Travel_Rarely,3,4717,3,11,9
40,0,Travel_Rarely,3,13237,3,20,6
39,0,Travel_Frequently,3,3755,3,8,3
31,0,Travel_Rarely,4,6582,4,6,5
42,0,Travel_Rarely,1,7406,2,10,9
45,0,Travel_Rarely,2,4805,4,8,7
26,1,Travel_Frequently,3,2741,2,7,7
29,0,Travel_Rarely,4,4262,4,3,2
33,0,Travel_Rarely,3,16184,3,6,1
31,0,Travel_Rarely,4,11557,2,5,4
18,1,Travel_Frequently,2,1878,3,0,0
40,0,Non-Travel,1,10932,3,1,0
41,0,Non-Travel,3,6811,3,8,7
26,0,Travel_Rarely,3,4306,3,0,0
35,0,Travel_Rarely,3,4859,3,5,4
34,0,Travel_Rarely,4,5337,3,10,7
26,1,Travel_Rarely,4,2340,1,1,0
37,0,Travel_Rarely,4,7491,4,6,5
46,0,Travel_Frequently,3,10527,2,2,2
41,0,Travel_Rarely,1,16595,3,18,16
37,0,Non-Travel,2,8834,3,9,5
52,0,Travel_Rarely,1,5577,3,10,9
32,1,Non-Travel,3,4707,3,4,2
24,0,Travel_Frequently,4,2400,3,2,2
38,0,Travel_Rarely,3,9824,3,1,0
37,0,Travel_Rarely,2,6447,2,6,5
49,0,Travel_Rarely,3,19502,3,31,9
24,0,Travel_Rarely,4,2725,3,6,5
26,0,Travel_Rarely,2,6272,4,5,3
24,0,Travel_Rarely,2,2127,3,1,0
50,0,Travel_Frequently,2,18200,3,32,5
25,0,Travel_Rarely,3,2096,3,7,4
24,1,Travel_Frequently,3,2886,3,6,3
30,1,Travel_Frequently,1,2033,4,1,0
34,0,Travel_Rarely,4,3622,3,6,5
31,1,Travel_Rarely,1,4233,1,3,1
35,0,Travel_Rarely,4,3681,3,3,2
31,0,Travel_Rarely,4,5460,4,7,7
27,0,Travel_Rarely,3,2187,2,5,3
37,0,Travel_Rarely,3,9602,2,3,0
20,0,Travel_Rarely,2,2836,4,1,0
42,0,Travel_Rarely,4,4089,3,10,2
43,0,Travel_Rarely,4,16627,2,1,0
38,0,Travel_Rarely,1,2619,2,0,0
43,0,Travel_Frequently,3,5679,3,8,7
48,0,Travel_Rarely,1,15402,1,3,2
44,0,Travel_Rarely,3,5985,4,2,2
34,0,Travel_Rarely,3,2579,3,8,2
27,1,Travel_Rarely,1,3041,3,4,3
21,0,Travel_Rarely,3,3447,3,3,2
44,0,Travel_Rarely,4,19513,4,2,2
22,0,Travel_Rarely,3,2773,3,2,2
33,0,Travel_Rarely,3,7104,3,5,0
32,0,Travel_Rarely,4,6322,2,6,4
30,0,Travel_Frequently,3,2083,3,1,0
53,0,Travel_Rarely,1,8381,4,14,7
34,0,Travel_Rarely,4,2691,2,10,9
45,1,Travel_Frequently,1,4286,3,1,1
26,0,Travel_Rarely,4,2659,3,3,2
37,0,Travel_Rarely,3,9434,3,10,7
29,0,Travel_Rarely,3,5561,2,6,0
35,0,Travel_Rarely,4,6646,3,17,11
33,0,Travel_Frequently,4,7725,1,13,11
54,0,Travel_Rarely,2,10725,4,9,7
36,0,Travel_Rarely,2,8847,3,3,2
27,0,Travel_Rarely,4,2045,3,4,2
20,1,Travel_Rarely,3,1009,3,1,0
33,1,Travel_Frequently,1,3348,3,10,8
35,0,Non-Travel,3,1281,3,1,0
23,0,Travel_Rarely,1,2819,4,3,2
25,0,Travel_Rarely,2,4851,3,3,2
38,0,Travel_Rarely,4,4028,3,7,7
29,0,Travel_Frequently,4,2720,3,10,7
48,0,Travel_Rarely,2,8120,3,2,2
27,0,Travel_Frequently,4,4647,3,6,5
37,0,Travel_Rarely,4,4680,3,1,0
50,0,Travel_Rarely,3,3221,3,20,8
34,0,Travel_Rarely,2,8621,4,8,7
24,1,Travel_Rarely,3,4577,3,2,2
39,0,Travel_Rarely,3,4553,3,20,7
32,0,Travel_Rarely,4,5396,2,10,7
50,1,Travel_Frequently,3,6796,3,4,3
38,0,Travel_Rarely,4,7625,2,9,7
27,0,Travel_Rarely,1,7412,3,9,7
32,0,Travel_Rarely,4,11159,3,7,7
47,0,Travel_Rarely,1,4960,3,7,7
40,0,Travel_Frequently,1,10475,3,18,13
53,0,Travel_Rarely,3,14814,3,5,1
41,0,Travel_Rarely,4,19141,2,21,6
60,0,Travel_Rarely,1,5405,3,2,2
27,0,Travel_Frequently,1,8793,2,9,7
41,0,Travel_Rarely,3,19189,3,22,7
50,0,Travel_Rarely,2,3875,3,2,2
28,1,Travel_Rarely,2,2216,3,7,7
36,0,Non-Travel,1,11713,3,8,7
38,0,Travel_Rarely,3,7861,4,1,0
44,0,Non-Travel,3,3708,3,5,2
47,0,Travel_Frequently,3,13770,2,22,2
30,0,Travel_Rarely,4,5304,2,8,7
29,0,Travel_Rarely,3,2642,3,1,0
42,1,Travel_Frequently,3,2759,3,2,2
43,0,Travel_Frequently,4,6804,3,2,2
34,0,Travel_Rarely,3,6142,3,5,1
23,0,Travel_Rarely,1,2500,4,4,3
39,0,Travel_Rarely,2,6389,1,8,3
56,0,Travel_Rarely,4,11103,2,10,7
40,0,Travel_Rarely,4,2342,2,4,2
27,0,Travel_Rarely,1,6811,1,7,6
29,0,Travel_Rarely,2,2297,3,2,2
53,0,Travel_Rarely,4,2450,3,2,2
35,0,Non-Travel,1,5093,4,1,0
32,0,Travel_Frequently,4,5309,3,10,8
38,0,Travel_Rarely,3,3057,1,1,0
34,0,Travel_Rarely,1,5121,3,0,0
52,0,Travel_Rarely,1,16856,4,34,6
33,1,Travel_Rarely,4,2686,2,10,9
25,0,Travel_Rarely,4,6180,2,6,5
45,0,Travel_Rarely,3,6632,3,8,7
23,0,Travel_Rarely,3,3505,3,2,2
47,1,Travel_Frequently,3,6397,3,5,4
34,0,Travel_Rarely,4,6274,3,6,5
55,1,Travel_Rarely,1,19859,3,5,2
36,0,Non-Travel,1,7587,3,10,7
52,0,Non-Travel,4,4258,3,4,3
26,0,Travel_Frequently,4,4364,3,2,2
29,0,Travel_Rarely,3,4335,2,8,7
26,1,Travel_Rarely,1,5326,2,4,3
34,0,Travel_Rarely,4,3280,3,4,2
54,0,Travel_Rarely,1,5485,3,5,3
27,0,Travel_Frequently,4,4342,3,4,2
37,0,Travel_Rarely,1,2782,2,5,3
38,0,Travel_Frequently,1,5980,3,15,7
34,0,Travel_Rarely,1,4381,3,6,5
35,0,Travel_Rarely,4,2572,2,3,2
30,0,Travel_Rarely,3,3833,3,2,2
40,0,Travel_Frequently,2,4244,3,8,7
34,0,Travel_Rarely,1,6500,3,3,2
42,0,Travel_Frequently,4,18430,2,24,7
23,1,Travel_Rarely,1,1601,3,0,0
24,0,Non-Travel,2,2694,3,1,0
52,0,Travel_Rarely,3,3149,3,5,2
50,0,Travel_Rarely,3,17639,3,4,3
29,1,Travel_Rarely,1,2319,3,1,0
33,0,Travel_Rarely,3,11691,4,13,9
33,1,Travel_Rarely,1,5324,3,3,2
47,0,Travel_Rarely,4,16752,2,26,14
36,0,Travel_Rarely,2,5228,3,9,7
29,0,Travel_Rarely,3,2700,3,10,7
58,1,Travel_Rarely,2,19246,3,31,15
35,0,Travel_Rarely,3,2506,3,2,2
42,0,Travel_Rarely,4,6062,3,4,3
28,1,Travel_Rarely,3,4382,2,2,2
36,0,Travel_Rarely,2,2143,3,5,2
32,0,Travel_Rarely,3,6162,3,14,13
40,0,Travel_Frequently,3,5094,3,1,0
30,0,Travel_Rarely,4,6877,2,0,0
45,0,Travel_Rarely,3,2274,3,1,0
42,0,Travel_Rarely,2,4434,2,9,8
38,0,Travel_Frequently,1,6288,2,4,3
34,0,Travel_Frequently,4,2553,3,5,2
49,1,Travel_Rarely,4,7654,4,9,8
55,1,Travel_Rarely,4,5160,2,9,7
43,0,Travel_Rarely,1,17159,3,4,1
27,0,Travel_Rarely,4,12808,3,9,8
35,0,Travel_Rarely,3,10221,4,8,5
28,0,Travel_Rarely,2,4779,3,8,7
34,0,Travel_Rarely,4,3737,1,3,2
26,1,Travel_Frequently,3,2366,3,8,7
27,0,Non-Travel,4,1706,2,0,0
51,0,Travel_Rarely,3,16307,2,20,6
44,0,Travel_Rarely,2,5933,2,5,2
25,0,Travel_Rarely,1,3424,2,4,3
33,0,Travel_Rarely,1,4037,3,9,8
35,0,Travel_Rarely,1,2559,2,6,5
36,0,Travel_Rarely,4,6201,2,18,14
32,0,Travel_Rarely,4,4403,2,5,2
30,0,Travel_Frequently,4,3761,2,5,4
53,0,Travel_Rarely,4,10934,3,5,2
45,0,Travel_Rarely,1,10761,3,5,4
32,0,Travel_Rarely,3,5175,2,5,3
52,0,Travel_Frequently,4,13826,3,9,8
37,0,Travel_Rarely,3,6334,3,1,0
28,0,Travel_Rarely,4,4936,3,5,1
22,0,Travel_Rarely,4,4775,1,2,2
44,0,Travel_Rarely,4,2818,2,3,2
42,0,Travel_Frequently,4,2515,3,2,1
36,0,Travel_Rarely,1,2342,3,5,4
25,0,Travel_Rarely,1,4194,3,5,3
35,0,Travel_Rarely,3,10685,3,17,14
35,1,Travel_Frequently,2,2022,2,10,2
32,0,Non-Travel,4,2314,3,3,0
25,0,Travel_Rarely,1,4256,4,5,2
49,0,Travel_Rarely,1,3580,3,4,2
24,0,Non-Travel,4,3162,2,5,2
32,0,Travel_Frequently,2,6524,3,10,8
38,0,Travel_Rarely,2,2899,3,2,2
42,0,Travel_Rarely,4,5231,2,5,3
31,0,Travel_Rarely,4,2356,3,6,4
29,1,Travel_Rarely,3,2800,3,3,2
53,0,Travel_Rarely,4,11836,3,2,0
35,0,Travel_Rarely,2,10903,3,13,10
37,0,Travel_Frequently,4,2973,3,5,4
53,0,Travel_Rarely,4,14275,3,12,9
43,0,Travel_Frequently,4,5562,2,5,2
47,0,Travel_Rarely,4,4537,3,7,6
37,0,Non-Travel,2,7642,3,10,0
50,0,Non-Travel,1,17924,3,31,6
39,0,Travel_Rarely,4,5204,3,5,4
33,0,Travel_Rarely,2,2277,4,4,3
32,1,Travel_Rarely,4,2795,1,1,0
29,0,Travel_Rarely,4,2532,3,4,3
44,0,Travel_Rarely,1,2559,3,8,7
28,0,Travel_Rarely,4,4908,3,4,2
58,1,Travel_Frequently,4,2380,2,1,0
43,0,Travel_Rarely,2,4765,4,1,0
20,1,Travel_Rarely,3,2044,2,2,2
21,1,Travel_Rarely,4,2693,2,1,0
36,0,Travel_Rarely,4,6586,2,16,8
47,0,Travel_Rarely,4,3294,2,3,2
22,1,Travel_Rarely,3,4171,4,3,2
41,1,Travel_Rarely,4,2778,2,7,7
28,0,Travel_Rarely,3,2377,3,2,2
39,1,Travel_Rarely,1,2404,1,2,2
27,0,Travel_Rarely,3,2318,3,1,1
34,0,Travel_Rarely,2,2008,3,1,0
42,0,Travel_Rarely,3,6244,3,5,4
33,0,Travel_Rarely,1,2799,3,3,2
58,0,Travel_Rarely,2,10552,3,6,0
31,0,Travel_Rarely,3,2329,4,7,7
35,0,Travel_Rarely,4,4014,1,10,6
49,0,Travel_Rarely,2,7403,2,26,9
48,0,Travel_Rarely,3,2259,2,0,0
31,0,Non-Travel,3,6932,2,9,8
36,0,Travel_Rarely,4,4678,3,6,2
38,0,Travel_Rarely,1,13582,3,15,12
32,0,Non-Travel,2,2332,3,3,0
25,1,Travel_Rarely,2,2413,3,1,0
40,0,Travel_Rarely,2,9705,2,1,0
26,0,Travel_Frequently,1,4294,3,7,7
41,0,Travel_Rarely,1,4721,3,18,13
36,0,Travel_Rarely,3,2519,3,11,8
19,1,Travel_Rarely,2,2121,4,1,0
20,1,Travel_Rarely,1,2973,3,1,0
31,0,Travel_Rarely,4,5855,1,9,7
40,0,Travel_Frequently,2,3617,3,1,1
32,0,Travel_Rarely,1,6725,4,8,7
36,1,Travel_Rarely,4,10325,3,16,7
33,0,Travel_Rarely,4,6949,3,5,0
37,1,Travel_Rarely,3,10609,1,14,1
45,0,Non-Travel,2,4447,2,9,7
29,0,Travel_Frequently,4,2157,3,3,1
35,0,Travel_Rarely,3,4601,3,5,2
52,0,Travel_Rarely,4,17099,2,9,8
58,1,Travel_Rarely,3,2479,3,1,0
53,0,Travel_Rarely,3,14852,4,17,13
30,0,Travel_Rarely,3,7264,4,8,4
38,0,Non-Travel,4,5666,3,5,3
35,0,Travel_Rarely,4,7823,3,10,9
39,0,Travel_Rarely,3,7880,3,8,7
40,1,Non-Travel,2,13194,2,1,0
47,0,Travel_Frequently,3,5067,4,19,10
36,0,Non-Travel,4,5079,3,7,7
31,1,Non-Travel,1,2321,3,3,2
33,0,Non-Travel,3,17444,3,10,8
29,1,Travel_Rarely,1,2404,3,0,0
33,0,Travel_Rarely,4,3452,3,3,2
45,0,Travel_Rarely,4,2270,3,5,3
50,0,Travel_Rarely,4,17399,2,5,4
33,0,Travel_Frequently,2,5488,3,6,5
41,0,Travel_Frequently,3,19419,4,18,16
27,0,Travel_Rarely,2,2811,3,2,2
45,0,Non-Travel,1,3633,3,9,8
47,0,Travel_Rarely,4,4163,3,9,0
30,1,Travel_Rarely,3,2132,3,5,2
50,0,Travel_Rarely,3,13973,3,12,11
38,0,Travel_Frequently,3,2684,2,2,1
46,0,Travel_Rarely,3,10845,3,8,7
24,0,Travel_Rarely,3,4377,3,4,2
35,1,Travel_Rarely,2,3743,1,4,2
31,0,Travel_Frequently,1,4148,3,4,3
18,0,Non-Travel,4,1051,3,0,0
54,0,Travel_Rarely,3,10739,3,10,7
35,0,Travel_Rarely,3,10388,2,16,10
30,0,Travel_Rarely,1,11416,2,8,7
20,1,Travel_Rarely,1,2600,3,1,0
30,1,Travel_Frequently,2,2422,3,3,2
26,0,Travel_Rarely,4,5472,3,8,7
22,0,Travel_Rarely,1,2451,2,4,3
48,0,Travel_Rarely,3,4240,3,2,2
48,0,Travel_Rarely,3,10999,3,15,11
41,0,Travel_Rarely,3,5003,3,2,2
39,0,Travel_Rarely,4,12742,3,21,6
27,0,Travel_Rarely,4,4227,3,3,2
35,0,Travel_Rarely,4,3917,2,3,2
42,0,Travel_Rarely,3,18303,4,1,0
50,0,Travel_Rarely,4,2380,3,1,0
59,0,Travel_Rarely,4,13726,3,5,3
37,1,Travel_Rarely,2,4777,1,1,0
55,0,Travel_Frequently,2,6385,3,8,7
41,0,Non-Travel,3,19973,3,21,16
38,0,Travel_Rarely,4,6861,3,1,0
26,1,Non-Travel,1,4969,3,2,2
52,1,Travel_Rarely,4,19845,3,32,14
44,0,Travel_Rarely,4,13320,3,12,11
50,0,Non-Travel,3,6347,3,18,7
36,1,Travel_Rarely,1,2743,3,17,13
39,0,Travel_Frequently,1,10880,3,21,6
33,0,Non-Travel,4,2342,2,2,2
45,0,Travel_Rarely,4,17650,4,9,3
32,0,Non-Travel,3,4025,3,8,7
34,0,Travel_Rarely,4,9725,2,15,1
59,0,Travel_Rarely,4,11904,1,6,4
45,0,Travel_Rarely,2,2177,3,6,3
53,0,Travel_Frequently,2,7525,3,15,7
36,1,Travel_Rarely,3,4834,2,1,0
26,1,Travel_Frequently,1,2042,3,3,2
34,0,Travel_Rarely,3,2220,3,1,1
28,0,Travel_Rarely,2,1052,3,1,0
38,0,Travel_Frequently,3,2821,3,2,2
50,0,Travel_Rarely,3,19237,2,8,1
37,0,Travel_Rarely,2,4107,2,4,3
40,0,Travel_Rarely,1,8396,2,7,7
26,0,Travel_Frequently,3,2007,3,5,3
46,0,Travel_Rarely,4,19627,3,2,2
54,0,Travel_Rarely,3,10686,3,9,4
56,0,Travel_Frequently,3,2942,3,5,4
36,0,Travel_Rarely,4,8858,2,14,8
55,0,Non-Travel,1,16756,4,9,7
43,0,Travel_Rarely,4,10798,3,1,0
20,1,Travel_Frequently,4,2323,3,2,2
21,1,Travel_Rarely,1,1416,2,1,0
46,0,Travel_Rarely,1,4615,3,16,13
51,1,Travel_Rarely,3,2461,4,10,0
28,1,Non-Travel,1,8722,2,10,7
26,0,Travel_Rarely,1,3955,3,5,3
30,0,Travel_Rarely,1,9957,2,6,2
41,0,Travel_Rarely,3,3376,3,10,6
38,0,Travel_Rarely,3,8823,2,19,9
40,0,Travel_Rarely,4,10322,3,11,10
27,0,Non-Travel,3,4621,3,3,2
55,0,Travel_Frequently,2,10976,3,3,2
28,0,Travel_Rarely,3,3660,4,8,7
44,1,Travel_Rarely,1,10482,3,20,6
33,0,Travel_Rarely,4,7119,3,3,2
35,1,Travel_Rarely,1,9582,3,8,7
33,1,Travel_Frequently,3,4508,3,13,7
28,0,Travel_Rarely,3,2207,2,4,2
34,0,Travel_Frequently,4,7756,2,6,2
37,0,Travel_Rarely,4,6694,3,1,0
25,1,Travel_Rarely,4,3691,4,7,7
26,1,Travel_Rarely,3,2377,2,1,1
33,1,Travel_Rarely,2,2313,3,2,2
42,0,Travel_Rarely,1,17665,3,22,6
28,1,Travel_Frequently,2,2596,3,1,0
50,1,Travel_Frequently,3,4728,3,0,0
33,0,Travel_Frequently,2,4302,3,3,2
34,0,Non-Travel,4,2979,3,0,0
48,0,Non-Travel,4,16885,2,5,4
45,0,Non-Travel,3,5593,3,15,10
52,0,Travel_Rarely,2,10445,3,8,6
38,0,Travel_Rarely,3,8740,3,8,7
29,0,Travel_Rarely,4,2514,3,7,5
28,0,Travel_Rarely,2,7655,2,9,7
46,0,Travel_Rarely,3,17465,3,12,9
38,0,Travel_Rarely,2,7351,3,1,0
43,0,Travel_Frequently,1,10820,3,8,7
39,1,Travel_Frequently,4,12169,3,18,7
40,0,Travel_Rarely,3,19626,4,20,7
21,0,Travel_Rarely,2,2070,4,2,2
39,0,Non-Travel,2,6782,2,5,4
36,0,Non-Travel,4,7779,3,11,9
31,0,Travel_Frequently,4,2791,3,2,2
28,0,Travel_Rarely,2,3201,1,5,3
35,0,Travel_Frequently,4,4968,3,5,2
49,0,Travel_Rarely,2,13120,3,9,8
34,0,Travel_Frequently,3,4033,2,3,2
29,0,Travel_Frequently,2,3291,2,7,5
42,0,Travel_Rarely,4,4272,3,1,0
29,0,Travel_Rarely,4,5056,2,10,7
38,0,Travel_Rarely,3,2844,4,7,6
28,0,Travel_Frequently,3,2703,3,3,1
18,1,Non-Travel,3,1904,3,0,0
33,1,Travel_Rarely,1,8224,3,5,2
41,0,Travel_Rarely,4,4766,3,1,0
31,1,Travel_Frequently,3,2610,2,2,2
37,0,Travel_Rarely,4,5731,3,6,2
27,0,Travel_Rarely,3,2539,3,4,2
34,0,Travel_Rarely,3,5714,2,6,5
35,0,Travel_Rarely,3,4323,1,5,4
29,1,Travel_Rarely,1,7336,1,11,8
40,0,Travel_Frequently,3,13499,2,18,7
42,1,Travel_Frequently,1,13758,2,21,9
42,0,Travel_Rarely,1,5155,4,6,4
35,0,Travel_Rarely,3,2258,3,8,0
24,0,Travel_Rarely,2,3597,3,4,3
28,1,Travel_Rarely,4,2515,2,1,1
26,0,Travel_Rarely,4,4420,3,8,7
30,0,Travel_Rarely,3,6578,3,10,3
40,0,Travel_Frequently,4,4422,1,1,1
35,0,Travel_Rarely,2,10274,4,7,7
34,0,Travel_Frequently,1,5343,3,13,9
35,0,Travel_Frequently,4,2376,4,2,2
43,1,Travel_Rarely,3,5346,2,4,3
32,0,Non-Travel,1,2827,3,1,0
56,0,Travel_Rarely,1,19943,3,5,2
29,0,Travel_Rarely,4,3131,3,10,8
19,0,Travel_Rarely,1,2552,3,1,1
45,0,Travel_Rarely,3,4477,2,3,2
37,0,Travel_Rarely,4,6474,2,14,8
20,0,Travel_Rarely,3,3033,2,2,2
44,1,Travel_Rarely,3,2936,3,6,4
53,0,Travel_Rarely,3,18606,3,7,7
29,0,Travel_Rarely,4,2168,2,5,4
22,1,Travel_Frequently,4,2853,3,0,0
46,0,Travel_Rarely,1,17048,3,26,15
44,0,Non-Travel,3,2290,3,0,0
33,0,Travel_Rarely,3,3600,3,5,4
41,1,Non-Travel,1,2107,1,1,0
30,0,Travel_Rarely,1,4115,3,4,3
40,0,Travel_Frequently,2,4327,3,0,0
50,0,Travel_Frequently,1,17856,3,2,2
28,0,Travel_Rarely,1,3196,3,6,5
46,0,Travel_Rarely,2,19081,3,4,2
35,0,Travel_Rarely,1,8966,3,7,7
24,1,Travel_Rarely,2,2210,1,1,0
33,0,Travel_Frequently,3,4539,2,10,7
36,0,Travel_Rarely,3,2741,3,7,7
30,0,Travel_Rarely,3,3491,2,10,7
44,0,Travel_Rarely,4,4541,3,20,11
20,0,Travel_Rarely,4,2678,3,2,1
46,0,Travel_Rarely,4,7379,2,6,3
42,0,Non-Travel,1,6272,4,4,3
60,0,Travel_Rarely,4,5220,3,11,7
32,0,Travel_Frequently,2,2743,3,2,2
32,0,Travel_Frequently,3,4998,3,8,7
36,0,Travel_Rarely,1,10252,3,7,7
33,0,Travel_Rarely,4,2781,3,14,10
40,0,Travel_Rarely,2,6852,4,5,1
25,0,Travel_Rarely,4,4950,3,4,3
30,0,Travel_Rarely,2,3579,3,11,9
42,0,Travel_Frequently,1,13191,3,1,0
35,0,Non-Travel,4,10377,2,13,2
27,0,Travel_Rarely,1,2235,2,9,7
54,0,Travel_Frequently,3,10502,1,5,4
44,0,Travel_Rarely,4,2011,3,10,5
19,1,Non-Travel,2,1859,4,1,1
29,0,Travel_Rarely,4,3760,3,3,2
54,0,Travel_Rarely,4,17779,3,10,9
31,0,Travel_Rarely,1,6833,2,6,5
31,0,Travel_Rarely,1,6812,3,10,9
59,0,Travel_Rarely,4,5171,3,6,1
43,0,Travel_Rarely,4,19740,3,8,7
49,0,Travel_Rarely,3,18711,4,1,0
36,0,Travel_Frequently,2,3692,2,11,10
48,0,Travel_Rarely,2,2559,2,1,0
27,0,Travel_Rarely,3,2517,3,5,3
29,0,Travel_Rarely,4,6623,3,6,0
48,0,Travel_Rarely,4,18265,4,1,0
29,0,Travel_Rarely,4,16124,2,7,7
34,0,Travel_Rarely,3,2585,2,1,0
44,0,Travel_Rarely,2,18213,3,22,9
33,0,Travel_Rarely,3,8380,3,9,8
19,0,Travel_Rarely,4,2994,3,1,0
23,0,Travel_Rarely,3,1223,3,1,0
25,1,Travel_Frequently,4,1118,3,1,0
26,0,Travel_Rarely,4,2875,2,8,5
45,1,Travel_Rarely,2,18824,3,24,10
55,0,Non-Travel,2,13577,3,33,9
21,1,Travel_Frequently,3,2625,1,2,2
46,0,Travel_Rarely,2,18789,3,11,4
34,0,Travel_Rarely,1,4538,3,3,2
51,0,Travel_Frequently,2,19847,2,29,10
59,0,Travel_Rarely,4,10512,2,9,7
34,0,Travel_Frequently,2,4444,4,11,8
28,0,Travel_Frequently,3,2154,2,4,2
44,0,Travel_Rarely,1,19190,2,25,9
34,0,Travel_Frequently,2,4490,4,10,9
35,0,Travel_Rarely,3,3506,3,3,2
42,0,Travel_Rarely,2,2372,3,1,0
43,0,Travel_Rarely,4,10231,4,21,7
36,0,Travel_Rarely,2,5410,3,16,14
44,1,Travel_Rarely,4,7978,3,10,7
28,0,Travel_Frequently,4,3867,3,2,2
51,0,Travel_Frequently,3,2838,2,7,0
30,0,Non-Travel,3,4695,3,8,4
29,1,Travel_Rarely,3,3339,3,7,7
28,0,Travel_Rarely,1,2080,2,3,2
25,0,Travel_Rarely,2,2096,2,2,2
32,0,Travel_Rarely,4,6209,4,10,7
45,0,Travel_Frequently,2,18061,3,0,0
39,0,Travel_Rarely,2,17123,3,19,9
58,0,Travel_Rarely,3,2372,3,2,2
32,1,Travel_Rarely,3,4883,3,10,4
39,1,Travel_Rarely,1,3904,3,5,2
30,0,Travel_Rarely,4,4627,3,9,2
36,0,Travel_Rarely,3,7094,3,7,7
46,0,Travel_Rarely,1,3423,4,7,6
28,0,Non-Travel,4,6674,3,9,8
50,0,Travel_Rarely,1,16880,3,3,2
40,1,Travel_Rarely,2,9094,3,5,4
52,1,Travel_Rarely,2,8446,2,8,7
30,0,Travel_Rarely,1,11916,3,9,1
39,0,Travel_Rarely,3,4534,3,8,7
31,0,Non-Travel,3,9852,2,10,8
41,0,Non-Travel,2,6151,3,19,2
31,1,Travel_Frequently,2,2302,4,3,2
44,1,Travel_Rarely,1,2362,4,3,2
42,0,Non-Travel,3,17861,2,20,8
55,0,Travel_Rarely,3,19187,3,19,9
56,0,Travel_Rarely,2,19717,3,7,3
40,0,Non-Travel,3,3544,3,4,2
34,0,Travel_Rarely,4,8500,2,9,7
40,0,Travel_Rarely,4,4661,3,9,8
41,0,Travel_Frequently,1,4103,3,9,3
35,0,Travel_Frequently,3,4249,3,9,6
51,0,Travel_Rarely,2,14026,3,33,9
38,0,Travel_Rarely,1,6893,3,7,7
34,0,Travel_Rarely,1,6125,4,10,8
25,0,Travel_Rarely,4,3669,2,3,2
58,1,Travel_Rarely,1,10008,2,10,9
40,0,Travel_Rarely,2,2387,3,4,2
36,0,Travel_Frequently,1,4639,2,15,7
48,0,Travel_Rarely,4,7898,3,10,9
27,0,Travel_Rarely,4,2534,3,1,0
51,0,Travel_Rarely,2,13142,2,5,2
18,0,Non-Travel,4,1611,4,0,0
35,0,Travel_Rarely,4,5363,3,9,7
27,0,Travel_Frequently,4,5071,3,6,2
55,1,Travel_Rarely,3,13695,2,19,7
56,0,Travel_Rarely,2,13402,3,19,16
34,0,Non-Travel,3,2029,3,5,4
40,0,Travel_Rarely,3,6377,3,12,11
34,0,Travel_Rarely,3,5429,3,8,7
31,1,Travel_Frequently,4,2785,4,1,0
35,1,Travel_Frequently,3,4614,2,4,2
38,0,Travel_Frequently,3,2610,3,4,2
34,0,Travel_Rarely,4,6687,4,14,11
28,0,Travel_Rarely,1,4724,3,5,3
31,1,Travel_Rarely,3,6179,2,10,2
39,0,Travel_Rarely,4,6120,4,5,4
51,0,Travel_Frequently,2,10596,3,4,2
41,0,Travel_Frequently,4,5467,2,6,2
37,0,Travel_Rarely,3,2996,3,6,4
33,0,Travel_Frequently,4,9998,4,5,4
32,0,Travel_Rarely,2,4078,2,3,2
39,0,Non-Travel,3,10920,3,6,4
25,0,Travel_Rarely,3,6232,2,3,2
52,0,Travel_Frequently,3,13247,2,5,3
43,0,Travel_Rarely,3,4081,1,20,7
27,0,Travel_Rarely,4,5769,3,6,2
27,1,Travel_Rarely,3,2394,3,8,2
26,0,Travel_Rarely,4,3904,3,4,3
42,0,Travel_Rarely,1,16799,3,20,7
52,0,Travel_Rarely,1,2950,1,5,4
37,0,Travel_Rarely,3,3629,3,3,2
35,0,Travel_Frequently,4,9362,3,2,2
25,0,Travel_Rarely,4,3229,2,3,2
26,0,Travel_Rarely,1,3578,3,7,7
29,0,Travel_Rarely,1,7988,2,10,9
49,1,Travel_Frequently,1,4284,3,4,3
29,1,Travel_Frequently,4,7553,3,8,7
54,0,Travel_Rarely,4,17328,2,20,7
58,0,Travel_Rarely,1,19701,3,9,8
55,0,Travel_Rarely,4,14732,4,7,7
36,0,Travel_Rarely,2,9278,3,5,4
31,1,Travel_Frequently,3,1359,3,1,0
30,0,Travel_Rarely,1,4779,3,3,2
31,0,Travel_Rarely,2,16422,4,3,2
34,0,Travel_Frequently,1,2996,3,4,3
31,1,Travel_Rarely,2,1261,4,1,0
27,0,Travel_Rarely,1,2099,4,5,0
36,0,Travel_Rarely,4,5810,2,10,4
36,0,Travel_Rarely,1,5647,2,3,2
47,0,Travel_Rarely,4,3420,2,6,5
25,1,Travel_Rarely,1,4400,3,3,2
37,0,Non-Travel,3,3500,1,6,5
56,0,Travel_Rarely,1,2066,4,3,2
47,0,Travel_Rarely,3,17169,4,20,17
24,0,Travel_Rarely,3,4162,3,5,4
32,0,Travel_Rarely,4,9204,2,4,3
34,0,Travel_Rarely,2,3294,2,5,4
41,0,Travel_Rarely,3,2127,2,4,2
40,0,Non-Travel,3,3975,4,8,7
31,0,Travel_Rarely,4,10793,3,13,7
46,1,Travel_Rarely,4,10096,4,7,7
39,1,Non-Travel,1,3646,4,1,0
31,1,Travel_Frequently,2,7446,3,10,8
45,0,Travel_Rarely,1,10851,3,7,7
31,0,Travel_Rarely,2,2109,3,3,2
31,1,Travel_Frequently,4,3722,1,2,2
45,0,Travel_Rarely,4,9380,4,3,1
48,0,Travel_Rarely,1,5486,3,2,2
34,1,Travel_Rarely,3,2742,3,2,2
40,0,Non-Travel,2,13757,3,9,8
28,0,Travel_Rarely,1,8463,3,5,4
44,0,Non-Travel,3,3162,3,5,2
53,0,Travel_Rarely,2,16598,2,9,8
49,0,Travel_Rarely,3,6651,2,3,2
40,0,Travel_Rarely,3,2345,4,3,1
44,0,Travel_Rarely,2,3420,2,5,2
33,0,Travel_Frequently,1,4373,3,4,3
34,0,Travel_Rarely,1,4759,3,13,9
30,0,Travel_Rarely,3,5301,2,2,1
42,0,Travel_Frequently,4,3673,3,12,9
44,0,Travel_Frequently,3,4768,2,1,0
30,0,Non-Travel,3,1274,2,1,0
57,0,Travel_Rarely,3,4900,2,12,9
49,0,Travel_Rarely,2,10466,3,8,7
34,0,Travel_Frequently,1,17007,2,14,8
28,1,Travel_Frequently,3,2909,4,3,2
29,1,Travel_Frequently,2,5765,1,5,3
34,1,Travel_Rarely,2,4599,4,15,9
35,0,Travel_Rarely,3,2404,3,1,0
24,1,Travel_Frequently,1,3172,2,0,0
24,0,Non-Travel,2,2033,3,1,0
44,0,Travel_Frequently,3,10209,2,2,2
29,0,Travel_Rarely,3,8620,3,10,7
30,0,Travel_Rarely,3,2064,4,5,3
55,0,Travel_Rarely,3,4035,3,3,2
33,0,Travel_Rarely,2,3838,3,5,4
47,0,Travel_Rarely,3,4591,2,5,4
28,0,Travel_Frequently,1,2561,2,0,0
28,0,Travel_Rarely,3,1563,1,1,0
28,0,Travel_Frequently,1,4898,3,4,2
49,0,Travel_Rarely,1,4789,3,3,2
29,1,Travel_Frequently,2,3180,3,3,2
28,0,Travel_Rarely,2,6549,2,8,6
33,0,Travel_Rarely,3,6388,3,0,0
32,0,Travel_Rarely,4,11244,4,5,2
54,0,Travel_Frequently,4,16032,3,14,9
29,0,Travel_Rarely,1,2362,1,9,7
44,0,Travel_Rarely,1,16328,4,20,6
39,1,Travel_Rarely,2,8376,3,2,0
46,0,Travel_Rarely,2,16606,4,13,12
35,0,Travel_Rarely,2,8606,1,11,8
23,1,Travel_Rarely,3,2272,3,4,3
40,0,Travel_Rarely,1,2018,1,5,4
34,1,Travel_Rarely,3,7083,3,10,9
31,0,Travel_Frequently,3,4084,1,7,2
50,0,Travel_Frequently,4,14411,3,32,6
34,0,Travel_Rarely,3,2308,3,11,10
42,0,Travel_Rarely,2,4841,3,1,0
37,0,Travel_Rarely,4,4285,3,10,8
29,0,Travel_Rarely,1,9715,3,7,7
33,1,Travel_Rarely,2,4320,3,5,3
45,1,Travel_Rarely,4,2132,3,5,4
42,0,Travel_Frequently,4,10124,1,20,8
40,1,Travel_Rarely,1,5473,4,8,4
33,0,Travel_Rarely,3,5207,3,15,14
40,0,Travel_Rarely,4,16437,3,21,7
24,0,Travel_Rarely,1,2296,3,1,1
40,0,Non-Travel,4,4069,3,2,2
45,0,Travel_Rarely,2,7441,3,10,8
35,1,Travel_Rarely,3,2430,3,5,3
32,0,Travel_Rarely,2,5878,3,7,1
36,0,Travel_Rarely,4,2644,2,3,2
48,1,Travel_Rarely,3,6439,3,8,7
29,0,Travel_Rarely,3,2451,2,1,0
33,0,Travel_Rarely,1,6392,1,2,2
30,0,Travel_Rarely,1,9714,3,10,8
38,0,Travel_Frequently,3,6077,3,6,3
35,1,Travel_Rarely,1,2450,3,3,0
30,1,Travel_Rarely,2,9250,3,4,2
35,0,Travel_Rarely,1,2074,3,1,0
53,0,Travel_Rarely,4,10169,3,33,7
38,0,Travel_Rarely,2,4855,3,5,2
32,0,Non-Travel,1,4087,2,6,5
48,0,Travel_Rarely,1,2367,2,8,2
34,0,Travel_Rarely,4,2972,1,1,0
55,0,Travel_Rarely,4,19586,3,36,6
34,0,Travel_Rarely,4,5484,2,2,2
26,0,Travel_Rarely,4,2061,3,1,0
38,0,Travel_Rarely,2,9924,3,9,8
38,0,Travel_Rarely,2,4198,4,3,2
36,0,Travel_Rarely,3,6815,3,1,0
29,0,Travel_Rarely,1,4723,3,10,9
35,0,Travel_Rarely,3,6142,3,5,2
39,0,Travel_Rarely,3,8237,3,7,6
29,0,Travel_Frequently,4,8853,4,6,4
50,0,Travel_Rarely,3,19331,3,1,0
23,1,Travel_Rarely,3,2073,3,2,2
36,0,Travel_Frequently,1,5562,3,3,2
42,0,Travel_Rarely,4,19613,3,1,0
35,0,Travel_Rarely,3,3407,2,10,9
34,0,Travel_Frequently,3,5063,2,8,2
40,0,Travel_Rarely,1,4639,3,5,4
43,0,Travel_Rarely,2,4876,3,6,4
35,0,Travel_Rarely,4,2690,2,1,0
46,0,Travel_Rarely,1,17567,1,26,0
28,0,Travel_Rarely,2,2408,3,1,1
22,0,Non-Travel,3,2814,2,4,2
50,0,Travel_Frequently,3,11245,3,30,8
32,0,Travel_Rarely,4,3312,3,3,2
44,0,Travel_Rarely,4,19049,2,22,7
30,0,Travel_Rarely,2,2141,2,6,4
45,0,Travel_Rarely,1,5769,3,10,7
45,0,Non-Travel,1,4385,3,10,7
31,0,Travel_Frequently,1,5332,3,5,2
36,0,Travel_Rarely,3,4663,3,3,2
34,0,Travel_Frequently,4,4724,3,9,7
49,1,Travel_Rarely,1,3211,2,9,6
39,0,Travel_Rarely,1,5377,3,7,7
27,0,Travel_Rarely,1,4066,3,7,7
35,0,Travel_Rarely,1,5208,3,16,15
28,0,Travel_Rarely,1,4877,2,5,3
21,0,Travel_Rarely,4,3117,3,2,2
18,0,Travel_Frequently,4,1569,4,0,0
47,0,Travel_Rarely,3,19658,3,5,2
39,0,Travel_Rarely,3,3069,3,10,8
40,0,Travel_Rarely,3,10435,3,18,15
35,0,Non-Travel,3,4148,3,14,11
37,1,Travel_Rarely,3,5768,2,4,3
39,0,Travel_Frequently,3,5042,1,9,2
45,1,Travel_Rarely,4,5770,3,10,7
38,0,Travel_Rarely,3,7756,4,5,4
35,0,Travel_Rarely,1,10306,3,13,12
37,0,Travel_Rarely,2,3936,1,8,4
40,0,Travel_Rarely,4,7945,2,4,2
44,1,Travel_Frequently,4,5743,3,10,7
48,0,Travel_Frequently,4,15202,3,2,2
35,0,Travel_Rarely,4,5440,2,2,2
24,0,Travel_Frequently,4,3760,3,6,3
27,1,Travel_Rarely,3,3517,3,3,2
27,0,Travel_Frequently,4,2580,2,4,2
40,0,Travel_Rarely,1,2166,1,4,2
29,0,Travel_Rarely,3,5869,3,5,2
36,0,Travel_Rarely,1,8008,3,3,2
25,0,Travel_Frequently,3,5206,3,7,7
39,0,Travel_Rarely,2,5295,3,5,4
49,0,Travel_Rarely,2,16413,3,4,2
50,0,Travel_Rarely,1,13269,3,14,11
20,0,Travel_Rarely,3,2783,3,2,2
34,0,Travel_Rarely,2,5433,3,11,8
36,1,Travel_Rarely,2,2013,3,4,3
49,0,Travel_Rarely,3,13966,3,15,11
36,1,Non-Travel,3,4374,3,3,2
36,0,Travel_Rarely,1,6842,3,5,4
54,1,Travel_Rarely,3,17426,3,10,8
43,1,Travel_Rarely,3,17603,3,14,10
35,0,Travel_Frequently,4,4581,4,11,9
38,0,Travel_Frequently,4,4735,4,13,11
29,0,Travel_Rarely,2,4187,2,10,0
33,0,Travel_Rarely,4,5505,3,6,2
32,1,Travel_Rarely,2,5470,2,9,5
31,0,Travel_Rarely,4,5476,3,10,0
49,0,Travel_Rarely,1,2587,2,2,2
38,0,Travel_Frequently,2,2440,3,4,3
47,1,Travel_Rarely,2,15972,3,3,2
49,0,Travel_Rarely,3,15379,3,8,7
41,0,Travel_Rarely,3,7082,3,2,0
20,0,Travel_Rarely,1,2728,3,2,2
33,1,Non-Travel,4,5368,3,6,5
36,0,Travel_Rarely,3,5347,2,3,2
44,0,Travel_Rarely,4,3195,3,2,2
23,0,Travel_Rarely,3,3989,3,5,4
38,0,Travel_Rarely,3,3306,2,0,0
53,0,Travel_Rarely,4,7005,3,4,3
48,0,Travel_Frequently,3,2655,3,9,7
32,0,Travel_Rarely,2,1393,3,1,0
26,0,Non-Travel,4,2570,3,7,7
55,0,Travel_Rarely,2,3537,3,4,2
34,0,Travel_Rarely,4,3986,4,15,10
60,0,Travel_Rarely,4,10883,4,1,0
33,0,Travel_Rarely,2,2028,3,14,11
37,0,Travel_Frequently,4,9525,2,6,3
34,0,Travel_Rarely,4,2929,3,10,9
23,0,Travel_Rarely,4,2275,3,3,2
44,0,Travel_Rarely,4,7879,3,8,7
35,0,Travel_Frequently,4,4930,4,5,4
43,0,Travel_Rarely,4,7847,3,10,9
24,0,Travel_Rarely,3,4401,3,5,3
41,0,Travel_Rarely,3,9241,3,10,8
29,0,Travel_Rarely,3,2974,3,5,3
36,0,Travel_Rarely,4,4502,2,13,7
45,0,Non-Travel,3,10748,2,23,15
24,0,Travel_Rarely,3,1555,3,1,0
47,0,Travel_Frequently,3,12936,1,23,5
26,0,Travel_Rarely,3,2305,4,3,2
45,0,Travel_Rarely,2,16704,3,21,6
32,0,Travel_Frequently,3,3433,2,5,2
31,0,Travel_Rarely,3,3477,4,5,2
41,0,Non-Travel,2,6430,3,3,2
40,1,Travel_Rarely,1,6516,3,1,0
24,0,Travel_Rarely,1,3907,4,6,2
46,0,Travel_Rarely,2,5562,3,10,7
35,0,Travel_Rarely,3,6883,3,7,7
30,0,Travel_Rarely,4,2862,2,10,0
47,0,Non-Travel,2,4978,1,1,0
46,1,Travel_Rarely,4,10368,2,10,6
36,0,Travel_Rarely,1,6134,3,2,2
32,0,Travel_Rarely,2,6735,3,0,0
23,0,Travel_Rarely,2,3295,1,3,2
31,0,Travel_Frequently,4,5238,2,5,4
39,1,Non-Travel,4,6472,3,9,8
32,0,Travel_Rarely,3,9610,1,4,3
40,0,Travel_Rarely,2,19833,2,21,8
45,0,Travel_Rarely,3,9756,4,5,0
30,0,Travel_Frequently,1,4968,3,9,7
24,0,Travel_Frequently,4,2145,3,2,2
30,0,Travel_Frequently,4,2180,2,4,2
31,0,Travel_Rarely,3,8346,3,5,2
27,0,Travel_Rarely,4,3445,2,6,2
29,0,Travel_Rarely,2,2760,3,2,2
29,1,Travel_Frequently,3,6294,4,3,2
30,0,Travel_Rarely,1,7140,3,7,7
34,0,Travel_Rarely,4,2932,3,5,0
33,0,Non-Travel,2,5147,2,11,7
49,0,Travel_Rarely,4,4507,4,5,1
33,0,Travel_Rarely,1,8564,2,0,0
38,0,Travel_Frequently,2,2468,2,6,1
31,0,Travel_Rarely,3,8161,3,1,0
29,0,Travel_Rarely,1,2109,3,1,0
30,0,Travel_Rarely,3,5294,3,7,0
32,0,Non-Travel,2,2718,3,7,7
38,0,Travel_Rarely,4,5811,3,1,0
43,1,Travel_Frequently,3,2437,3,1,0
42,1,Travel_Rarely,2,2766,2,5,3
55,0,Travel_Rarely,1,19038,3,1,0
33,0,Non-Travel,2,3055,2,9,8
41,0,Travel_Rarely,1,2289,3,5,3
34,0,Non-Travel,3,4001,3,15,14
53,1,Non-Travel,3,12965,2,3,2
43,0,Travel_Rarely,4,3539,3,9,7
34,0,Travel_Rarely,4,6029,3,2,2
21,0,Travel_Rarely,2,2679,3,1,0
38,1,Travel_Rarely,3,3702,3,5,4
22,0,Travel_Rarely,1,2398,3,1,0
31,1,Travel_Rarely,4,5468,3,12,7
51,1,Travel_Rarely,3,13116,3,2,2
37,0,Travel_Rarely,2,4189,3,5,2
46,0,Travel_Rarely,4,19328,3,2,1
36,0,Travel_Rarely,1,8321,3,12,8
44,0,Travel_Frequently,2,2342,2,5,3
37,0,Travel_Rarely,2,4071,2,10,0
35,0,Travel_Rarely,4,5813,3,10,7
33,0,Travel_Rarely,1,3143,3,10,8
28,0,Travel_Rarely,4,2044,4,5,3
39,0,Travel_Rarely,3,13464,3,4,3
46,0,Non-Travel,2,7991,3,2,2
40,0,Travel_Rarely,1,3377,2,4,3
42,1,Travel_Rarely,1,5538,2,0,0
35,0,Non-Travel,4,5762,3,7,7
38,0,Non-Travel,2,2592,3,11,10
34,0,Travel_Frequently,1,5346,2,7,1
37,0,Travel_Rarely,1,4213,1,10,3
39,1,Travel_Frequently,4,4127,3,2,1
43,0,Non-Travel,3,2438,2,3,2
41,1,Travel_Rarely,2,6870,1,3,2
41,0,Travel_Rarely,3,10447,4,22,14
30,0,Travel_Rarely,3,9667,3,7,7
26,1,Travel_Rarely,2,2148,3,5,1
46,0,Travel_Rarely,2,8926,4,9,7
40,0,Travel_Rarely,4,6513,3,5,3
34,0,Travel_Rarely,3,6799,3,10,8
58,0,Non-Travel,2,16291,2,16,9
35,0,Travel_Rarely,3,2705,4,5,4
47,0,Travel_Rarely,2,10333,3,22,11
40,0,Travel_Rarely,1,4448,3,7,4
54,0,Travel_Rarely,4,6854,2,7,1
31,0,Travel_Frequently,1,9637,3,3,2
28,0,Travel_Rarely,1,3591,3,3,2
38,1,Travel_Rarely,4,5405,2,4,2
26,0,Travel_Rarely,4,4684,3,5,3
58,0,Travel_Frequently,3,15787,3,2,2
18,0,Non-Travel,3,1514,1,0,0
31,0,Travel_Rarely,1,2956,3,1,0
29,0,Travel_Rarely,1,2335,3,2,2
45,0,Non-Travel,3,5154,4,8,7
36,0,Travel_Rarely,2,6962,3,1,0
43,0,Travel_Frequently,4,5675,3,7,7
27,1,Travel_Frequently,4,2379,2,5,4
29,0,Travel_Frequently,4,3812,4,11,8
32,0,Travel_Frequently,4,4648,4,0,0
42,0,Non-Travel,3,2936,2,6,3
47,0,Travel_Rarely,3,2105,3,2,2
46,1,Travel_Rarely,4,8578,2,9,8
28,0,Non-Travel,4,2706,3,3,2
29,0,Travel_Rarely,3,6384,3,7,0
42,0,Travel_Rarely,3,3968,3,0,0
32,0,Travel_Rarely,2,9907,2,2,2
46,0,Travel_Rarely,1,13225,3,19,17
27,0,Travel_Rarely,3,3540,3,9,8
29,1,Travel_Rarely,2,2804,3,1,0
43,0,Travel_Rarely,3,19392,3,16,12
48,0,Travel_Rarely,2,19665,3,22,10
29,0,Travel_Frequently,4,2439,2,1,0
46,0,Travel_Rarely,2,7314,3,8,7
27,0,Travel_Frequently,1,4774,2,7,6
39,0,Travel_Rarely,4,3902,3,2,2
55,0,Travel_Rarely,4,2662,4,5,2
28,0,Travel_Rarely,2,2856,3,1,0
30,0,Travel_Rarely,4,1081,2,1,0
22,0,Travel_Rarely,2,2472,3,1,0
36,0,Travel_Rarely,3,5673,3,10,9
31,0,Travel_Rarely,3,4197,3,10,8
34,0,Travel_Rarely,4,9713,3,5,3
29,0,Travel_Rarely,1,2062,3,3,2
37,1,Travel_Rarely,1,4284,3,5,3
35,0,Travel_Rarely,2,4788,3,3,2
45,1,Travel_Rarely,4,5906,2,9,8
36,0,Travel_Frequently,4,3886,2,10,1
40,0,Travel_Rarely,1,16823,3,19,7
26,0,Travel_Rarely,3,2933,2,1,0
27,0,Travel_Rarely,3,6500,2,8,7
48,1,Travel_Frequently,4,17174,3,22,17
44,0,Travel_Rarely,1,5033,3,2,0
34,0,Non-Travel,1,2307,3,5,2
56,1,Travel_Rarely,4,2587,3,4,2
36,0,Travel_Rarely,2,5507,1,4,2
41,0,Travel_Rarely,2,4393,3,5,4
42,0,Travel_Rarely,1,13348,4,13,7
31,0,Travel_Rarely,4,6583,3,5,2
34,0,Travel_Rarely,4,8103,2,4,2
31,0,Travel_Rarely,3,3978,2,2,2
26,0,Travel_Frequently,4,2544,3,7,7
45,0,Travel_Frequently,3,5399,3,4,2
33,0,Travel_Rarely,3,5487,2,10,4
28,0,Travel_Frequently,4,6834,3,7,7
29,0,Travel_Frequently,1,1091,3,1,0
39,0,Non-Travel,3,5736,3,3,2
27,0,Travel_Rarely,2,2226,2,5,3
34,0,Travel_Frequently,4,5747,3,15,10
28,0,Travel_Rarely,3,9854,3,2,0
47,0,Non-Travel,2,5467,4,8,7
56,0,Travel_Rarely,1,5380,3,0,0
39,0,Travel_Rarely,1,5151,3,10,0
38,0,Travel_Frequently,2,2133,3,20,11
58,0,Travel_Rarely,4,17875,2,1,0
32,1,Travel_Frequently,3,2432,3,4,1
38,0,Travel_Rarely,4,4771,4,5,2
49,0,Travel_Frequently,4,19161,3,5,4
42,0,Travel_Rarely,4,5087,3,0,0
27,0,Travel_Frequently,2,2863,3,1,0
35,0,Travel_Rarely,1,5561,1,5,3
28,1,Non-Travel,3,2144,2,5,3
31,0,Non-Travel,1,3065,4,4,2
36,0,Non-Travel,2,2810,3,5,4
34,0,Travel_Rarely,4,9888,2,14,8
34,1,Travel_Rarely,3,8628,2,8,7
26,0,Travel_Rarely,1,2867,2,7,7
29,0,Travel_Rarely,1,5373,2,5,3
32,0,Non-Travel,4,6667,3,5,1
31,0,Travel_Frequently,1,5003,3,10,8
28,0,Travel_Rarely,4,2367,2,4,1
38,0,Travel_Rarely,1,2858,2,1,0
35,0,Travel_Rarely,4,5204,3,10,8
27,0,Travel_Rarely,4,4105,3,7,7
32,1,Travel_Rarely,4,9679,3,1,0
31,0,Travel_Frequently,4,5617,3,10,7
53,0,Travel_Rarely,1,10448,2,2,2
54,0,Travel_Rarely,3,2897,2,4,3
33,0,Travel_Frequently,3,5968,3,9,7
43,0,Travel_Rarely,3,7510,3,10,9
38,0,Travel_Frequently,2,2991,3,6,2
55,0,Travel_Rarely,2,19636,3,10,9
31,0,Travel_Rarely,4,1129,3,1,0
39,0,Travel_Rarely,1,13341,3,20,8
42,0,Non-Travel,3,4332,3,20,9
31,0,Non-Travel,3,11031,4,11,7
54,0,Travel_Rarely,1,4440,3,5,2
24,0,Travel_Rarely,3,4617,2,4,3
23,0,Travel_Rarely,4,2647,4,5,2
40,0,Travel_Frequently,3,6323,4,10,9
40,0,Travel_Rarely,2,5677,3,11,8
25,0,Travel_Rarely,2,2187,3,2,0
30,0,Travel_Rarely,2,3748,2,12,8
25,0,Travel_Rarely,3,3977,2,2,2
47,0,Travel_Rarely,3,8633,3,17,14
33,1,Non-Travel,3,2008,2,1,1
38,0,Travel_Rarely,2,4440,3,15,13
31,0,Travel_Rarely,3,3067,3,2,2
38,0,Travel_Frequently,3,5321,3,8,3
42,0,Travel_Rarely,1,5410,2,4,3
41,0,Travel_Rarely,4,2782,3,5,3
47,1,Non-Travel,2,11957,1,13,8
35,0,Travel_Rarely,3,2660,3,2,2
22,0,Travel_Rarely,3,3375,4,3,2
35,1,Travel_Rarely,3,5098,3,10,7
33,0,Travel_Rarely,4,4878,3,9,7
32,1,Travel_Rarely,2,2837,3,6,2
40,0,Travel_Rarely,4,2406,2,1,0
32,1,Travel_Rarely,2,2269,3,2,2
39,0,Travel_Rarely,4,4108,3,7,7
38,0,Travel_Rarely,3,13206,3,18,16
32,0,Travel_Rarely,4,10422,3,14,10
37,0,Travel_Rarely,4,13744,3,16,11
25,0,Travel_Rarely,3,4907,2,5,3
52,0,Non-Travel,4,3482,2,9,8
44,0,Travel_Rarely,4,2436,3,4,3
21,1,Travel_Rarely,1,2380,3,2,2
39,0,Non-Travel,4,19431,2,6,0
23,0,Travel_Frequently,1,1790,2,1,0
36,0,Travel_Rarely,4,7644,3,9,7
36,1,Travel_Frequently,2,5131,3,4,2
56,0,Non-Travel,3,6306,2,13,12
29,0,Travel_Rarely,4,4787,4,2,2
42,1,Travel_Rarely,3,18880,2,22,6
56,0,Travel_Rarely,3,2339,1,10,9
41,0,Travel_Rarely,2,13570,3,20,7
34,0,Travel_Rarely,3,6712,3,8,7
36,0,Non-Travel,4,5406,2,15,12
41,0,Travel_Rarely,2,8938,3,5,4
32,0,Travel_Rarely,1,2439,3,4,2
35,0,Travel_Rarely,4,8837,3,9,0
38,0,Travel_Rarely,4,5343,3,10,7
50,0,Travel_Frequently,3,6728,3,6,3
36,0,Travel_Rarely,4,6652,2,6,3
45,0,Travel_Rarely,3,4850,3,5,3
40,0,Travel_Rarely,3,2809,3,2,2
35,0,Travel_Frequently,3,5689,4,10,2
40,0,Travel_Rarely,3,2001,3,5,3
35,0,Travel_Rarely,4,2977,3,4,3
29,0,Travel_Rarely,2,4025,3,4,3
29,0,Travel_Rarely,1,3785,1,5,4
50,0,Travel_Rarely,1,10854,3,3,2
39,0,Travel_Rarely,4,12031,2,20,9
31,1,Non-Travel,1,9936,3,9,4
26,0,Travel_Rarely,3,2966,3,4,2
36,0,Travel_Frequently,4,2571,3,5,2
39,0,Travel_Rarely,1,9991,3,7,7
27,0,Travel_Rarely,2,6142,3,6,2
49,0,Travel_Frequently,2,5390,2,9,6
34,0,Travel_Rarely,3,4404,4,4,3
